[{"Id":"ec3d4157-010b-4ed2-a898-815a47761d05","CoffeeName":"Cappuccino","CoffeePrice":90,"AddFlavorName":"N/S","AddFlavorPrice":0,"CustomerNumber":9812345678,"TotalPrice":90,"OrderDate":"2024-01-11T01:09:37.4623156+05:45"},
{"Id":"e668a1a2-985f-4b0f-a1c8-87a8132da495","CoffeeName":"Cappuccino","CoffeePrice":90,"AddFlavorName":"Ice Cream","AddFlavorPrice":20,"CustomerNumber":9818232323,"TotalPrice":110,"OrderDate":"2024-01-11T10:13:02.9215795+05:45"},
{"Id":"e367800d-077a-40a7-b668-7c9228d20869","CoffeeName":" Latte","CoffeePrice":90,"AddFlavorName":"Cinnamon","AddFlavorPrice":25,"CustomerNumber":9812345678,"TotalPrice":115,"OrderDate":"2024-01-11T10:16:58.5404827+05:45"},
{"Id":"3216f7a8-4ae1-4a33-9230-1484177666fc","CoffeeName":"Mocha","CoffeePrice":120,"AddFlavorName":"N/S","AddFlavorPrice":0,"CustomerNumber":9812345678,"TotalPrice":120,"OrderDate":"2024-01-11T10:17:08.7931113+05:45"},
{"Id":"dfb88ac2-99aa-4718-bc12-7b3d779b4c9b","CoffeeName":"Flat white","CoffeePrice":100,"AddFlavorName":"Ice Cream","AddFlavorPrice":20,"CustomerNumber":9812345678,"TotalPrice":120,"OrderDate":"2024-01-11T10:17:19.6069693+05:45"},
{"Id":"a6acf60c-4c37-429c-b7f9-a95090ee2719","CoffeeName":" Latte","CoffeePrice":90,"AddFlavorName":"Ginger","AddFlavorPrice":30,"CustomerNumber":9812345678,"TotalPrice":120,"OrderDate":"2024-01-11T10:17:33.8769134+05:45"},
{"Id":"9039731a-33dd-4c92-823f-10793b9ae6e5","CoffeeName":"Flat white","CoffeePrice":100,"AddFlavorName":"N/S","AddFlavorPrice":0,"CustomerNumber":9807589123,"TotalPrice":100,"OrderDate":"2024-01-11T10:17:55.0415229+05:45"},
{"Id":"86ec3f90-7639-42eb-a4d3-4b70623339c6","CoffeeName":"Americano","CoffeePrice":100,"AddFlavorName":"N/S","AddFlavorPrice":0,"CustomerNumber":9801011010,"TotalPrice":100,"OrderDate":"2024-01-11T10:19:33.9409237+05:45"},
{"Id":"73cbc165-8351-4e16-843e-c35ec07f3984","CoffeeName":"Americano","CoffeePrice":100,"AddFlavorName":"N/S","AddFlavorPrice":0,"CustomerNumber":9801011010,"TotalPrice":100,"OrderDate":"2024-01-11T10:23:54.7656157+05:45"},
{"Id":"22efb8f5-145d-4fad-810f-49e242cc5406","CoffeeName":" Latte","CoffeePrice":90,"AddFlavorName":"Ginger","AddFlavorPrice":30,"CustomerNumber":9810203040,"TotalPrice":120,"OrderDate":"2024-01-11T10:24:22.0479222+05:45"}]